"income","loan_size","default"
8000,64428,0
10000,325775,0
16000,149286,0
8000,45454,0
10000,44154,0
10000,243335,0
10000,268476,0
14000,177756,0
14000,50223,0
16000,380023,0
16000,101325,0
8000,120347,0
20000,98418,0
4000,13097,0
10000,62710,0
16000,269797,0
12000,334545,0
24000,368019,0
8000,195354,0
16000,82144,0
8000,244834,0
6000,252384,0
12000,103842,0
6000,153715,0
22000,168286,0
8000,222170,0
8000,5097,0
6000,328190,0
12000,280364,0
6000,216187,0
4000,77681,0
14000,216779,0
6000,126988,0
10000,105791,0
6000,20214,0
18000,212578,0
10000,264951,0
12000,304356,0
14000,345775,0
16000,175110,0
10000,343634,0
12000,201778,0
18000,221049,0
6000,183235,0
6000,10296,0
10000,161477,0
10000,424057,0
10000,353419,0
10000,214832,0
2000,12307,0
10000,235914,0
8000,60180,0
10000,220915,0
10000,230430,0
16000,220694,0
8000,31446,0
4000,12455,0
12000,165561,0
10000,107870,0
8000,37092,0
6000,157185,0
12000,301293,0
10000,34312,0
18000,233182,0
8000,127374,0
10000,158290,0
8000,223797,0
12000,129813,0
12000,170529,0
8000,377345,0
12000,289577,0
8000,39697,0
2000,217872,1
8000,185005,0
10000,74117,0
14000,248047,0
8000,222972,0
14000,221653,0
8000,195479,0
14000,278449,0
12000,152988,0
8000,255334,0
6000,268590,0
10000,325841,0
8000,80029,0
2000,190709,1
6000,150640,0
4000,185354,0
12000,384828,0
6000,332098,0
14000,199034,0
6000,67718,0
8000,269045,0
8000,240350,0
6000,20721,0
12000,393906,0
16000,240830,0
18000,156681,0
8000,108061,0
6000,151627,0
12000,293691,0
6000,170955,0
10000,230732,0
8000,41973,0
12000,68988,0
4000,214460,0
16000,210770,0
6000,217988,0
12000,226432,0
16000,123276,0
6000,236901,0
12000,225420,0
4000,33569,0
8000,188030,0
14000,126497,0
6000,133817,0
8000,304498,0
14000,180708,0
10000,397720,0
18000,149905,0
8000,143121,0
12000,231549,0
16000,210112,0
14000,324395,0
10000,29891,0
12000,22442,0
4000,92963,0
14000,200220,0
20000,226339,0
12000,240393,0
10000,231537,0
2000,199672,1
14000,261722,0
10000,317281,0
14000,231391,0
8000,106323,0
8000,157366,0
6000,145727,0
16000,97525,0
8000,449823,0
8000,128558,0
12000,86977,0
10000,37028,0
8000,248147,0
12000,203711,0
12000,71280,0
2000,233110,1
8000,141715,0
12000,255650,0
12000,224520,0
12000,263316,0
4000,120850,0
6000,102473,0
6000,205346,0
10000,51760,0
6000,225498,0
8000,220062,0
16000,252018,0
8000,141083,0
10000,67117,0
4000,104389,0
6000,294621,0
20000,350713,0
8000,130910,0
10000,195490,0
10000,205320,0
12000,245459,0
14000,337708,0
12000,5317,0
16000,104782,0
14000,78285,0
4000,97328,0
14000,385690,0
8000,402783,0
14000,183184,0
6000,269981,0
0,56163,1
10000,171638,0
12000,185363,0
10000,387023,0
4000,333850,1
8000,246368,0
14000,435958,0
12000,250704,0
16000,274671,0
4000,129972,0
12000,290785,0
10000,167821,0
12000,147703,0
4000,139567,0
10000,206707,0
8000,68163,0
18000,33208,0
12000,48419,0
20000,215694,0
6000,4916,0
12000,275007,0
10000,295393,0
4000,50419,0
2000,132067,0
18000,163453,0
10000,350878,0
12000,273335,0
12000,102716,0
8000,235099,0
14000,47862,0
2000,147293,0
16000,104387,0
16000,187784,0
12000,168793,0
8000,236643,0
10000,167646,0
10000,61406,0
14000,120286,0
16000,378435,0
10000,100377,0
4000,65742,0
8000,247917,0
16000,242682,0
8000,206371,0
10000,248875,0
10000,79077,0
14000,235586,0
4000,256150,0
8000,366064,0
8000,254848,0
14000,213783,0
12000,110011,0
10000,266188,0
14000,46750,0
20000,199675,0
2000,179220,1
6000,350870,0
8000,170792,0
14000,347082,0
10000,186115,0
12000,156945,0
10000,134102,0
8000,324244,0
4000,93652,0
12000,27668,0
10000,177009,0
8000,263861,0
6000,260456,0
12000,268648,0
10000,303755,0
4000,231046,0
4000,262976,0
8000,101983,0
8000,101458,0
8000,145594,0
16000,385903,0
12000,422279,0
10000,81202,0
8000,363030,0
10000,142648,0
10000,249457,0
6000,240031,0
6000,256912,0
14000,194129,0
22000,109238,0
12000,45000,0
8000,135501,0
6000,316786,0
6000,137660,0
6000,4811,0
12000,193240,0
6000,115950,0
6000,133281,0
16000,244273,0
14000,109696,0
6000,281359,0
14000,151826,0
8000,187662,0
16000,203338,0
8000,205920,0
18000,178602,0
8000,2373,0
12000,282291,0
22000,180571,0
6000,17784,0
8000,165737,0
20000,303310,0
8000,336996,0
14000,193499,0
16000,51776,0
18000,222715,0
6000,121378,0
8000,162454,0
6000,158162,0
18000,159303,0
4000,165209,0
14000,12995,0
8000,165304,0
2000,214707,1
16000,209200,0
8000,137368,0
14000,238751,0
0,207571,1
8000,41384,0
6000,275233,0
8000,257652,0
6000,330788,0
18000,183877,0
12000,219195,0
4000,179330,0
22000,263401,0
10000,60204,0
10000,149747,0
10000,149920,0
10000,294790,0
16000,176374,0
8000,228348,0
10000,171093,0
4000,128358,0
12000,160957,0
8000,384177,0
6000,315469,0
6000,131607,0
6000,167596,0
12000,370179,0
10000,144558,0
8000,51023,0
10000,30935,0
14000,317400,0
12000,255987,0
12000,304282,0
6000,185685,0
12000,308067,0
16000,385923,0
8000,207431,0
12000,206967,0
6000,105350,0
10000,206089,0
4000,228579,0
14000,210765,0
6000,210695,0
8000,173646,0
8000,343566,0
2000,141596,0
14000,429785,0
6000,255179,0
6000,194744,0
12000,191704,0
10000,337829,0
8000,259677,0
12000,227423,0
12000,229665,0
6000,281117,0
14000,51721,0
8000,214201,0
4000,311909,1
6000,334237,0
8000,256031,0
6000,343440,0
4000,75828,0
6000,118076,0
6000,54304,0
4000,177135,0
6000,135117,0
4000,67182,0
16000,57313,0
10000,152352,0
16000,168352,0
12000,215533,0
4000,75467,0
14000,355228,0
6000,130386,0
10000,255169,0
8000,11404,0
12000,143217,0
14000,167842,0
4000,39973,0
14000,289117,0
14000,15741,0
10000,424677,0
18000,347710,0
14000,6575,0
14000,340719,0
6000,26308,0
6000,130690,0
10000,220357,0
18000,281213,0
14000,341949,0
8000,196357,0
8000,159992,0
14000,129087,0
10000,312216,0
14000,2215,0
10000,164821,0
6000,205273,0
12000,7931,0
10000,229866,0
4000,157107,0
8000,133744,0
6000,167142,0
6000,94984,0
6000,108147,0
16000,136394,0
10000,138830,0
8000,65271,0
8000,34492,0
10000,199079,0
8000,203301,0
14000,156432,0
12000,249406,0
6000,64635,0
8000,94210,0
12000,168447,0
14000,324880,0
24000,238011,0
10000,167927,0
12000,206041,0
0,218349,1
16000,74667,0
4000,298369,0
16000,173658,0
10000,43344,0
10000,234286,0
14000,201822,0
10000,185979,0
10000,124185,0
10000,225467,0
6000,180959,0
8000,296799,0
2000,170453,1
16000,290515,0
4000,280579,1
4000,145302,0
14000,288168,0
12000,276541,0
8000,153439,0
8000,162102,0
6000,149973,0
12000,132650,0
16000,264570,0
8000,145809,0
18000,315798,0
16000,138816,0
12000,203471,0
6000,137046,0
12000,98365,0
6000,90408,0
8000,242223,0
12000,222057,0
12000,27848,0
8000,95569,0
8000,21387,0
14000,50742,0
4000,88777,0
6000,175097,0
12000,321912,0
6000,380603,1
12000,141513,0
2000,283593,1
10000,128863,0
18000,18337,0
6000,278346,0
8000,243748,0
10000,81561,0
14000,155354,0
16000,235273,0
8000,132421,0
12000,107565,0
10000,119795,0
6000,102153,0
4000,12298,0
8000,98064,0
6000,106152,0
2000,188452,1
8000,121516,0
14000,194043,0
12000,311345,0
10000,297190,0
8000,110675,0
22000,153781,0
6000,202492,0
16000,152600,0
2000,115152,0
10000,23595,0
16000,336923,0
8000,131785,0
4000,106853,0
4000,172941,0
2000,183132,1
8000,285498,0
18000,281784,0
12000,300850,0
8000,226664,0
10000,299450,0
6000,53495,0
8000,171950,0
12000,238118,0
12000,319484,0
18000,129090,0
10000,147653,0
8000,35813,0
8000,207996,0
10000,204462,0
10000,311201,0
10000,320330,0
6000,241281,0
10000,227524,0
8000,181542,0
8000,361112,0
12000,109235,0
12000,451780,0
14000,273569,0
8000,343844,0
12000,175147,0
6000,253407,0
4000,159213,0
10000,201050,0
6000,209908,0
8000,115449,0
8000,264660,0
4000,63380,0
16000,194736,0
10000,63762,0
26000,98679,0
10000,109044,0
6000,233664,0
12000,232710,0
10000,320336,0
4000,70471,0
2000,84634,0
12000,162253,0
14000,176763,0
16000,226194,0
10000,305128,0
2000,238020,1
10000,289553,0
14000,263688,0
12000,243444,0
8000,11821,0
12000,282620,0
10000,56988,0
12000,49491,0
6000,251080,0
8000,221019,0
8000,47214,0
8000,303222,0
12000,184930,0
16000,105637,0
2000,90750,0
8000,231624,0
12000,111161,0
6000,161298,0
18000,128114,0
14000,13205,0
8000,25474,0
6000,47293,0
10000,216164,0
12000,465533,0
22000,245356,0
4000,70025,0
0,56432,1
10000,389962,0
8000,107372,0
10000,155469,0
12000,84443,0
6000,322654,0
6000,183233,0
12000,174377,0
0,87712,1
12000,186467,0
10000,95247,0
10000,64795,0
12000,217081,0
8000,294963,0
10000,200487,0
4000,272347,1
18000,111564,0
4000,120188,0
12000,83111,0
14000,332129,0
8000,248555,0
12000,173837,0
6000,220239,0
8000,190670,0
4000,309082,1
6000,109551,0
6000,181136,0
18000,22602,0
6000,16703,0
6000,177601,0
16000,294197,0
10000,206424,0
4000,96197,0
12000,107409,0
8000,169323,0
12000,184441,0
10000,158815,0
10000,291431,0
10000,312238,0
10000,81084,0
16000,306484,0
14000,456278,0
4000,176669,0
12000,56627,0
14000,303096,0
6000,67479,0
4000,110953,0
18000,266680,0
12000,211642,0
4000,223324,0
10000,117992,0
12000,241047,0
6000,193588,0
4000,126375,0
4000,176921,0
10000,246109,0
4000,106074,0
6000,170115,0
18000,189496,0
8000,79850,0
6000,65340,0
8000,290390,0
8000,23307,0
14000,116061,0
6000,376221,0
8000,286240,0
8000,33684,0
4000,93458,0
10000,163670,0
4000,167586,0
16000,426235,0
6000,107764,0
12000,187350,0
6000,209733,0
14000,179227,0
6000,32043,0
8000,310254,0
10000,289408,0
8000,179429,0
6000,165331,0
22000,166481,0
22000,437451,0
16000,341409,0
12000,309636,0
2000,124986,0
8000,238319,0
12000,305300,0
4000,223228,0
8000,158822,0
12000,131732,0
12000,214834,0
10000,382347,0
12000,222065,0
8000,181396,0
12000,198345,0
10000,236977,0
16000,152321,0
6000,301341,0
14000,210000,0
14000,141356,0
20000,97037,0
4000,7233,0
2000,110472,0
6000,258933,0
12000,233080,0
12000,154436,0
6000,17093,0
6000,233508,0
12000,236426,0
8000,330424,0
6000,4302,0
12000,269740,0
10000,214184,0
10000,172865,0
10000,193247,0
8000,102801,0
2000,77485,0
4000,209753,0
16000,46687,0
12000,128948,0
2000,309711,1
6000,57173,0
14000,260874,0
10000,81513,0
10000,151322,0
6000,267915,0
0,282181,1
12000,250730,0
16000,262046,0
12000,109282,0
12000,32730,0
4000,103909,0
12000,248954,0
8000,177669,0
12000,271539,0
6000,131779,0
8000,365897,0
16000,326780,0
12000,216853,0
6000,117417,0
8000,212637,0
18000,493514,0
14000,334969,0
8000,151480,0
6000,145454,0
10000,49357,0
14000,345922,0
12000,257581,0
14000,253657,0
6000,134821,0
6000,256006,0
10000,329488,0
10000,299268,0
14000,118545,0
10000,165413,0
24000,353391,0
6000,156176,0
16000,60924,0
10000,111924,0
4000,112562,0
10000,225398,0
16000,234822,0
14000,77916,0
10000,177140,0
14000,304882,0
6000,235650,0
10000,256595,0
20000,29748,0
14000,124031,0
8000,8151,0
14000,25880,0
0,286932,1
12000,224944,0
10000,297596,0
12000,120313,0
10000,258532,0
12000,247389,0
6000,282451,0
10000,363345,0
8000,200628,0
12000,189597,0
4000,47126,0
8000,200902,0
6000,173220,0
4000,99719,0
2000,34124,0
10000,147165,0
10000,82269,0
14000,366683,0
10000,30732,0
2000,329385,1
8000,226887,0
6000,113191,0
6000,61026,0
10000,198822,0
10000,140588,0
6000,155459,0
6000,276524,0
8000,364850,0
20000,120226,0
18000,126480,0
0,211610,1
12000,168506,0
8000,371022,0
6000,294645,0
16000,128158,0
10000,207266,0
6000,183407,0
10000,141045,0
12000,383305,0
18000,56793,0
10000,214466,0
8000,142975,0
8000,124514,0
4000,149576,0
10000,76668,0
10000,261785,0
10000,284115,0
2000,200585,1
18000,311419,0
4000,227130,0
2000,321650,1
12000,261656,0
8000,243161,0
16000,208191,0
6000,304112,0
12000,325991,0
10000,214013,0
12000,271664,0
14000,178548,0
10000,265777,0
16000,250516,0
16000,395999,0
12000,214071,0
8000,82246,0
10000,140133,0
2000,146525,0
2000,80167,0
10000,312905,0
4000,134488,0
12000,30653,0
8000,187656,0
6000,341611,0
8000,255805,0
20000,319637,0
14000,196413,0
14000,65260,0
6000,302719,0
22000,385865,0
8000,175169,0
4000,225441,0
8000,333590,0
10000,216806,0
8000,211341,0
16000,181802,0
8000,333007,0
32000,346177,0
6000,172525,0
12000,137969,0
8000,156396,0
8000,211216,0
6000,283349,0
14000,212275,0
16000,191644,0
16000,126962,0
10000,269148,0
4000,106179,0
10000,69231,0
8000,225550,0
8000,64226,0
8000,196344,0
8000,192552,0
4000,232049,0
12000,93753,0
8000,164072,0
2000,113746,0
10000,156920,0
16000,357650,0
2000,259106,1
10000,130910,0
6000,224884,0
10000,304450,0
8000,339518,0
6000,206278,0
18000,283860,0
14000,344792,0
20000,143185,0
12000,33686,0
10000,162980,0
8000,187293,0
8000,176752,0
12000,213306,0
8000,192661,0
14000,256731,0
4000,154627,0
8000,318311,0
10000,201307,0
18000,163887,0
10000,37754,0
14000,423677,0
10000,245032,0
18000,250706,0
6000,281122,0
16000,18951,0
14000,250996,0
4000,192997,0
12000,83120,0
10000,94513,0
10000,327905,0
6000,6654,0
14000,57443,0
16000,261254,0
6000,138124,0
14000,321528,0
4000,78418,0
8000,280863,0
12000,52956,0
16000,325202,0
4000,76580,0
14000,88021,0
14000,169829,0
10000,187289,0
6000,79827,0
12000,287628,0
16000,150326,0
12000,236091,0
8000,239635,0
10000,348688,0
4000,3761,0
6000,174640,0
6000,279584,0
2000,224066,1
14000,193825,0
4000,189086,0
8000,307655,0
6000,44927,0
8000,120620,0
8000,198439,0
20000,208542,0
10000,317627,0
0,95795,1
4000,138331,0
18000,175056,0
10000,240756,0
12000,60834,0
6000,74001,0
6000,156857,0
16000,199593,0
12000,39014,0
4000,262879,1
12000,311937,0
6000,206756,0
18000,264028,0
16000,304752,0
10000,158917,0
8000,243662,0
6000,200728,0
14000,420489,0
8000,105447,0
12000,74259,0
10000,198626,0
14000,140666,0
8000,116948,0
10000,164790,0
12000,195109,0
4000,108135,0
12000,119958,0
12000,163572,0
12000,186559,0
20000,367108,0
6000,51232,0
10000,331430,0
12000,341550,0
12000,118538,0
10000,281009,0
12000,229084,0
12000,227517,0
10000,210429,0
12000,331452,0
10000,177910,0
8000,174232,0
12000,235952,0
4000,173797,0
10000,197919,0
4000,260682,1
0,292124,1
6000,190397,0
16000,29015,0
6000,225957,0
10000,148605,0
12000,141747,0
10000,122879,0
24000,384913,0
14000,231740,0
20000,75450,0
10000,298575,0
8000,216005,0
6000,16727,0
10000,359003,0
8000,314188,0
12000,226704,0
6000,115540,0
12000,85908,0
6000,192691,0
10000,145386,0
10000,202641,0
18000,174837,0
4000,121445,0
10000,223920,0
6000,339485,0
12000,93463,0
22000,206982,0
14000,319590,0
8000,190402,0
12000,85979,0
12000,43376,0
14000,125803,0
6000,252948,0
6000,711,0
10000,114094,0
6000,47630,0
12000,127018,0
16000,443065,0
12000,240135,0
8000,284166,0
8000,258979,0
8000,256665,0
16000,179983,0
4000,69721,0
6000,197158,0
18000,237547,0
8000,173234,0
16000,144340,0
12000,283926,0
10000,246794,0
6000,185074,0
6000,262954,0
16000,337101,0
6000,425421,1
10000,353952,0
10000,22718,0
4000,293614,1
12000,341351,0
10000,179059,0
12000,35669,0
16000,128855,0
10000,138310,0
10000,154237,0
18000,47784,0
2000,44095,0
12000,141464,0
12000,67257,0
4000,185098,0
4000,101950,0
4000,55545,0
6000,61238,0
10000,275654,0
14000,243504,0
8000,262437,0
8000,209015,0
4000,361640,1
10000,10783,0
16000,109601,0
10000,183056,0
10000,110252,0
14000,248151,0
10000,291397,0
12000,245542,0
10000,97927,0
12000,143383,0
8000,164736,0
8000,147290,0
12000,59696,0
12000,325971,0
16000,101172,0
14000,186309,0
2000,241612,1
10000,208425,0
12000,156284,0
10000,148056,0
12000,93349,0
10000,329588,0
12000,202149,0
16000,183963,0
14000,262067,0
10000,39685,0
8000,217663,0
12000,42456,0
12000,241717,0
20000,126982,0
10000,66495,0
8000,140003,0
8000,212994,0
10000,23441,0
8000,280522,0
10000,224239,0
6000,34972,0
6000,203515,0
14000,186214,0
2000,96249,0
10000,91045,0
8000,125951,0
14000,207403,0
10000,153438,0
10000,391525,0
14000,223462,0
10000,246161,0
8000,272449,0
6000,109626,0
2000,250909,1
12000,294361,0
2000,260654,1
14000,10118,0
14000,203465,0
6000,114803,0
12000,153395,0
10000,400274,0
10000,171968,0
12000,253814,0
10000,446120,0
6000,208174,0
18000,213035,0
14000,193261,0
8000,77758,0
14000,137568,0
8000,101786,0
4000,156073,0
10000,104498,0
4000,171676,0
8000,386352,0
10000,232736,0
8000,48549,0
16000,141843,0
4000,96012,0
10000,190110,0
16000,116453,0
6000,153748,0
6000,195337,0
14000,115921,0
16000,298856,0
16000,331695,0
8000,202910,0
8000,7881,0
10000,10626,0
10000,166849,0
8000,337969,0
6000,73571,0
4000,245091,0
8000,75692,0
6000,240852,0
14000,74663,0
12000,300427,0
8000,130350,0
10000,191216,0
2000,274889,1
10000,131647,0
18000,281745,0
8000,158607,0
4000,151459,0
6000,139820,0
6000,114684,0
12000,171844,0
10000,114767,0
12000,119846,0
8000,142612,0
12000,24902,0
12000,242353,0
8000,210252,0
6000,258587,0
2000,176801,1
8000,104140,0
4000,273530,1
10000,224020,0
12000,226510,0
4000,44366,0
12000,218084,0
8000,268586,0
4000,75802,0
6000,201093,0
8000,302739,0
8000,140756,0
10000,157635,0
16000,103793,0
18000,143712,0
12000,180503,0
8000,132647,0
12000,394561,0
8000,357291,0
4000,115852,0
4000,69414,0
8000,99218,0
8000,164724,0
18000,156252,0
10000,111194,0
8000,433495,0
16000,322459,0
14000,325695,0
22000,231712,0
10000,351223,0
14000,257913,0
2000,137084,0
4000,213435,0
6000,223081,0
4000,61736,0
4000,117149,0
8000,165164,0
10000,410042,0
6000,104376,0
6000,190018,0
8000,223321,0
12000,314386,0
14000,174320,0
2000,179759,1
14000,336344,0
4000,177335,0
6000,50039,0
8000,174691,0
10000,116858,0
0,300098,1
12000,272063,0
10000,136005,0
8000,130320,0
6000,150906,0
12000,74161,0
6000,112513,0
6000,177499,0
10000,387371,0
8000,160591,0
18000,389954,0
8000,159996,0
10000,149228,0
12000,163468,0
10000,248042,0
6000,395877,1
10000,169300,0
10000,230460,0
10000,302116,0
14000,388666,0
8000,281116,0
16000,114974,0
6000,25820,0
18000,252544,0
10000,272458,0
6000,269855,0
12000,300680,0
6000,57554,0
2000,292146,1
14000,362709,0
6000,46086,0
6000,142718,0
4000,152582,0
10000,208868,0
6000,144063,0
10000,213308,0
12000,78341,0
8000,311729,0
16000,44282,0
8000,120942,0
8000,206176,0
14000,18210,0
14000,172055,0
16000,166649,0
6000,250392,0
4000,29585,0
4000,14257,0
4000,105673,0
6000,226513,0
14000,152823,0
10000,324695,0
16000,507098,0
6000,93744,0
2000,80736,0
8000,183382,0
8000,272940,0
10000,151372,0
16000,132644,0
6000,273719,0
6000,338010,0
10000,206904,0
8000,115789,0
20000,302884,0
10000,251411,0
10000,162063,0
4000,165041,0
4000,75076,0
12000,124698,0
8000,188145,0
10000,198894,0
6000,149638,0
4000,72300,0
14000,237825,0
6000,370042,0
16000,210117,0
10000,161843,0
16000,332215,0
8000,71866,0
8000,158005,0
10000,241991,0
16000,106308,0
8000,188005,0
8000,170394,0
12000,53267,0
10000,398685,0
4000,56938,0
4000,185620,0
6000,275058,0
2000,339134,1
6000,90930,0
10000,173314,0
2000,91408,0
10000,253949,0
18000,376792,0
16000,206063,0
6000,49345,0
8000,216752,0
0,76892,1
16000,177319,0
10000,148610,0
12000,185620,0
12000,155784,0
18000,175141,0
10000,358714,0
14000,23772,0
6000,133987,0
4000,98775,0
2000,7031,0
6000,194674,0
4000,183767,0
4000,128203,0
16000,250014,0
10000,177262,0
12000,278136,0
8000,167027,0
16000,251596,0
10000,309828,0
4000,48410,0
12000,165884,0
12000,310338,0
6000,167060,0
10000,112559,0
4000,254319,0
14000,374402,0
16000,318411,0
0,152902,1
6000,153312,0
14000,80468,0
12000,250550,0
16000,146285,0
4000,164443,0
18000,328569,0
8000,122943,0
12000,145818,0
6000,44737,0
8000,196944,0
8000,186834,0
6000,235876,0
16000,218320,0
8000,192418,0
6000,125332,0
8000,189907,0
12000,205028,0
10000,106981,0
12000,383066,0
10000,208380,0
8000,142170,0
18000,277037,0
12000,138162,0
8000,79936,0
8000,64160,0
14000,182678,0
12000,241351,0
8000,229030,0
18000,301669,0
14000,195130,0
14000,97485,0
10000,244372,0
6000,116404,0
10000,309278,0
8000,237371,0
12000,187776,0
4000,370637,1
8000,155644,0
12000,386967,0
4000,88616,0
8000,305748,0
14000,186241,0
10000,129765,0
10000,200103,0
8000,26778,0
10000,845,0
12000,85324,0
10000,104310,0
14000,34758,0
12000,103900,0
14000,314040,0
12000,307926,0
2000,305417,1
6000,386745,1
10000,252763,0
14000,144228,0
18000,170605,0
12000,298366,0
6000,155947,0
10000,267157,0
4000,43224,0
10000,185049,0
14000,213332,0
12000,130003,0
12000,113011,0
6000,51303,0
6000,30361,0
14000,211435,0
4000,206504,0
6000,172430,0
10000,259908,0
4000,127648,0
4000,280999,1
8000,166982,0
8000,161187,0
14000,165794,0
10000,131052,0
6000,117145,0
6000,171054,0
8000,163424,0
18000,188130,0
16000,330372,0
12000,277586,0
6000,249978,0
10000,378326,0
12000,302990,0
14000,127155,0
6000,201177,0
12000,310925,0
12000,156956,0
14000,308261,0
14000,458020,0
6000,274966,0
4000,99140,0
2000,47481,0
16000,272474,0
6000,135587,0
10000,314287,0
8000,113056,0
12000,291402,0
8000,352478,0
14000,115992,0
4000,183152,0
8000,300894,0
14000,152255,0
18000,321597,0
14000,383926,0
20000,348618,0
8000,160718,0
8000,43698,0
18000,164930,0
6000,326174,0
16000,339144,0
14000,269503,0
4000,6083,0
10000,272985,0
8000,164457,0
8000,179346,0
12000,332800,0
10000,190538,0
6000,48339,0
10000,224972,0
2000,65043,0
10000,122736,0
8000,241543,0
8000,167437,0
10000,215832,0
20000,276681,0
6000,57542,0
14000,252618,0
12000,426023,0
16000,358318,0
8000,91089,0
8000,69063,0
4000,237799,0
12000,103083,0
22000,169738,0
14000,357380,0
6000,198705,0
12000,323177,0
10000,39114,0
10000,91951,0
12000,335252,0
6000,11951,0
10000,58574,0
10000,88700,0
8000,360158,0
4000,328714,1
10000,214547,0
4000,272404,1
20000,242347,0
8000,251913,0
10000,183259,0
6000,309220,0
12000,355320,0
10000,316521,0
14000,293102,0
14000,201730,0
12000,410831,0
10000,96099,0
10000,223070,0
14000,313284,0
6000,108353,0
14000,222001,0
8000,96098,0
8000,226354,0
12000,115530,0
8000,112653,0
12000,214946,0
12000,156648,0
8000,333438,0
10000,161889,0
10000,256777,0
6000,152948,0
6000,64602,0
8000,209954,0
8000,249006,0
2000,181741,1
12000,335436,0
10000,315502,0
14000,243872,0
14000,212854,0
18000,397610,0
10000,311984,0
12000,221497,0
10000,319777,0
6000,402379,1
6000,77287,0
10000,145685,0
16000,242039,0
4000,120756,0
14000,376324,0
12000,181121,0
12000,146441,0
8000,152955,0
12000,18996,0
8000,122204,0
16000,206285,0
8000,230498,0
10000,168718,0
14000,235237,0
12000,210014,0
8000,255620,0
14000,184833,0
10000,214303,0
12000,158424,0
12000,327838,0
8000,135642,0
16000,308899,0
10000,203611,0
0,261085,1
16000,245747,0
10000,114835,0
8000,195281,0
14000,291772,0
8000,181720,0
8000,47018,0
12000,145069,0
10000,111022,0
12000,89799,0
4000,163202,0
12000,146895,0
4000,142488,0
8000,205904,0
8000,141400,0
8000,75164,0
10000,149872,0
8000,75072,0
4000,208638,0
14000,157174,0
6000,207165,0
0,82961,1
12000,306812,0
8000,47929,0
6000,89403,0
8000,290616,0
20000,481666,0
4000,287942,1
10000,77646,0
8000,88343,0
4000,155547,0
8000,184326,0
6000,153171,0
10000,127260,0
10000,35445,0
12000,170551,0
8000,130571,0
6000,212463,0
10000,13137,0
8000,199272,0
6000,20600,0
10000,293162,0
12000,319804,0
4000,264598,0
8000,103207,0
14000,324513,0
8000,179289,0
16000,262978,0
6000,47127,0
2000,247641,1
14000,521550,0
10000,211683,0
10000,140450,0
8000,127173,0
6000,19268,0
6000,205701,0
8000,235074,0
8000,43213,0
8000,175003,0
10000,355921,0
22000,294907,0
4000,102677,0
12000,255294,0
12000,305793,0
14000,308556,0
8000,135521,0
10000,55337,0
2000,106037,0
4000,163595,0
10000,119440,0
10000,35600,0
8000,136633,0
12000,93629,0
18000,366984,0
16000,448263,0
12000,315478,0
8000,102898,0
12000,367860,0
8000,143010,0
16000,229247,0
8000,191762,0
16000,174336,0
14000,339705,0
14000,277339,0
4000,193787,0
8000,47647,0
6000,348969,0
14000,201135,0
10000,230457,0
6000,161766,0
10000,148083,0
10000,64202,0
14000,306882,0
16000,217602,0
6000,66423,0
6000,53789,0
8000,229802,0
12000,132787,0
6000,45930,0
8000,126018,0
22000,259335,0
14000,415824,0
2000,110516,0
8000,176870,0
6000,53650,0
8000,14159,0
4000,138367,0
8000,61801,0
12000,318711,0
14000,191505,0
10000,66297,0
16000,7279,0
14000,255543,0
14000,359941,0
8000,139419,0
4000,174438,0
14000,71495,0
14000,358086,0
6000,257015,0
12000,36734,0
8000,275112,0
4000,463,0
10000,240349,0
8000,349082,0
6000,148663,0
6000,161971,0
14000,206943,0
10000,217347,0
8000,87863,0
14000,222159,0
8000,189981,0
8000,276283,0
10000,175100,0
14000,273720,0
12000,99428,0
6000,102368,0
6000,217777,0
16000,139307,0
12000,219351,0
10000,186218,0
6000,47185,0
4000,269474,1
8000,174498,0
6000,190038,0
4000,157323,0
16000,282961,0
6000,271218,0
8000,286130,0
14000,52234,0
20000,172883,0
18000,283798,0
8000,238750,0
6000,227357,0
12000,125254,0
2000,89817,0
10000,128189,0
6000,246832,0
6000,74491,0
6000,222534,0
8000,139801,0
12000,116476,0
14000,115286,0
8000,236926,0
6000,135851,0
14000,362185,0
6000,324343,0
10000,216143,0
8000,452567,0
8000,59686,0
16000,479969,0
16000,243418,0
12000,168584,0
2000,78367,0
20000,276894,0
18000,160538,0
4000,155392,0
8000,89573,0
12000,358404,0
8000,302620,0
14000,203453,0
4000,269312,0
10000,208808,0
16000,157127,0
8000,150008,0
12000,232342,0
12000,120449,0
6000,194763,0
8000,65190,0
10000,76163,0
14000,213277,0
8000,206360,0
8000,236718,0
12000,298593,0
10000,113020,0
4000,361607,1
4000,114968,0
22000,275166,0
8000,368605,0
16000,61018,0
14000,276355,0
10000,301268,0
16000,165074,0
10000,181543,0
6000,92434,0
12000,178797,0
12000,139000,0
12000,187642,0
4000,29664,0
18000,269641,0
14000,308666,0
12000,350749,0
18000,115621,0
12000,204701,0
12000,317259,0
6000,222482,0
10000,40472,0
12000,266028,0
12000,64528,0
8000,185906,0
4000,154955,0
12000,175873,0
8000,306612,0
6000,178658,0
12000,67575,0
12000,302944,0
2000,53551,0
16000,149046,0
12000,217728,0
12000,188189,0
16000,188046,0
12000,177117,0
8000,170401,0
6000,210545,0
6000,85100,0
8000,211298,0
2000,23739,0
8000,80648,0
8000,60959,0
4000,278043,1
10000,48219,0
12000,126984,0
16000,350890,0
10000,307729,0
6000,124451,0
6000,37537,0
8000,114701,0
14000,325554,0
14000,387507,0
8000,102216,0
18000,253399,0
12000,145352,0
8000,280802,0
8000,40211,0
12000,201743,0
12000,105422,0
14000,375272,0
6000,268344,0
6000,261811,0
4000,14925,0
8000,341888,0
8000,107219,0
2000,7335,0
14000,263986,0
8000,270496,0
6000,100398,0
12000,195485,0
10000,236363,0
10000,188300,0
12000,341858,0
14000,227531,0
8000,81800,0
4000,275686,1
20000,305629,0
8000,302339,0
20000,306192,0
12000,349879,0
4000,222262,0
6000,188032,0
8000,244065,0
10000,196423,0
20000,137985,0
4000,275551,1
4000,210520,0
10000,142702,0
10000,205564,0
2000,198364,1
14000,112601,0
6000,301755,0
12000,348923,0
12000,114251,0
6000,95906,0
12000,105691,0
0,156968,1
8000,207109,0
12000,265127,0
14000,98722,0
12000,148869,0
8000,193283,0
6000,146944,0
16000,187084,0
14000,289858,0
2000,200783,1
14000,56148,0
6000,95471,0
16000,2307,0
8000,198235,0
10000,377242,0
16000,288306,0
10000,148529,0
16000,175949,0
10000,76051,0
8000,191182,0
20000,299076,0
12000,159643,0
12000,284211,0
8000,159243,0
6000,17905,0
10000,258958,0
18000,92290,0
14000,161193,0
2000,156124,1
10000,146453,0
10000,212063,0
10000,204187,0
14000,188974,0
10000,147272,0
8000,224984,0
16000,237312,0
8000,118612,0
12000,167183,0
6000,94809,0
4000,153694,0
12000,88925,0
6000,218648,0
12000,274864,0
18000,304064,0
8000,278483,0
8000,276536,0
8000,145269,0
8000,209513,0
14000,209723,0
2000,202863,1
12000,209315,0
4000,294321,1
6000,206824,0
10000,250512,0
10000,147990,0
12000,346801,0
4000,238041,0
6000,97381,0
4000,197627,0
12000,91926,0
10000,274808,0
6000,142959,0
6000,288729,0
2000,259961,1
6000,181276,0
8000,135953,0
18000,241327,0
6000,252992,0
12000,163979,0
12000,223623,0
10000,300137,0
4000,95027,0
6000,40183,0
12000,167693,0
8000,24869,0
4000,41132,0
22000,174104,0
12000,226245,0
4000,292615,1
6000,125861,0
8000,118730,0
10000,247419,0
10000,148069,0
14000,250652,0
18000,8456,0
4000,245317,0
16000,276450,0
6000,230580,0
4000,200144,0
20000,175034,0
12000,163278,0
14000,188761,0
10000,196912,0
10000,318071,0
10000,86495,0
12000,261698,0
8000,264452,0
6000,222783,0
10000,221930,0
10000,39781,0
8000,127478,0
8000,77743,0
22000,113578,0
0,214425,1
8000,15517,0
6000,89810,0
14000,323253,0
16000,407167,0
10000,144033,0
8000,165924,0
24000,304396,0
10000,235815,0
10000,44152,0
12000,145162,0
8000,300942,0
8000,169498,0
12000,225432,0
4000,244581,0
12000,149312,0
12000,348115,0
10000,267550,0
14000,182177,0
8000,166078,0
6000,136541,0
20000,284246,0
12000,188882,0
14000,241816,0
8000,320249,0
6000,365337,0
12000,113173,0
12000,382447,0
18000,287743,0
12000,163796,0
12000,238242,0
8000,406349,0
14000,289179,0
4000,279851,1
14000,166160,0
10000,143777,0
6000,236727,0
6000,194913,0
8000,255902,0
10000,137477,0
12000,153043,0
14000,101384,0
6000,131413,0
10000,13951,0
2000,26477,0
6000,172557,0
10000,229516,0
6000,88468,0
14000,235905,0
8000,178721,0
14000,238722,0
14000,209168,0
8000,285803,0
10000,256426,0
8000,78165,0
8000,101962,0
18000,128741,0
14000,328967,0
0,29018,0
4000,257457,0
12000,68894,0
10000,546491,0
4000,229902,0
8000,267829,0
12000,17974,0
6000,106096,0
6000,266880,0
6000,84730,0
4000,67170,0
4000,108718,0
16000,204636,0
10000,158481,0
4000,88326,0
14000,3063,0
8000,72685,0
8000,244674,0
14000,204469,0
16000,342746,0
12000,171127,0
8000,84768,0
8000,142179,0
12000,263377,0
6000,93375,0
18000,5774,0
12000,184508,0
8000,128029,0
12000,315217,0
12000,2999,0
4000,193504,0
2000,69289,0
10000,199780,0
14000,52203,0
8000,24052,0
10000,275469,0
14000,285506,0
8000,357251,0
12000,232853,0
14000,70352,0
12000,293022,0
16000,197106,0
14000,91847,0
10000,154161,0
6000,390214,1
12000,194007,0
8000,114870,0
12000,184884,0
16000,172172,0
18000,248019,0
18000,243209,0
6000,157715,0
4000,63297,0
8000,236004,0
16000,126798,0
8000,112337,0
24000,122073,0
10000,81577,0
6000,392780,0
8000,193312,0
12000,344301,0
16000,168981,0
10000,242993,0
10000,285416,0
16000,165993,0
18000,209237,0
10000,240381,0
8000,60747,0
4000,200061,0
16000,168727,0
6000,60452,0
10000,255040,0
2000,41386,0
14000,181869,0
10000,254934,0
2000,315770,1
6000,164559,0
8000,356639,0
14000,222745,0
14000,126950,0
16000,252586,0
8000,22191,0
14000,337524,0
8000,497021,1
6000,344430,0
10000,136020,0
16000,187056,0
8000,320201,0
12000,98198,0
18000,305558,0
12000,193189,0
10000,291356,0
16000,187516,0
4000,223075,0
8000,135870,0
8000,181860,0
6000,250023,0
4000,153139,0
4000,94996,0
10000,86108,0
6000,161576,0
14000,109212,0
10000,289394,0
20000,96530,0
8000,143290,0
6000,214272,0
12000,138205,0
6000,39391,0
12000,205563,0
6000,141941,0
2000,184852,1
16000,238052,0
14000,280855,0
12000,217235,0
6000,102603,0
12000,134992,0
8000,333442,0
6000,122290,0
10000,267292,0
12000,39002,0
20000,281264,0
16000,347187,0
14000,313927,0
14000,321836,0
22000,271241,0
14000,231067,0
8000,366841,0
14000,259618,0
10000,127174,0
10000,377347,0
4000,138804,0
8000,230632,0
10000,104582,0
18000,267251,0
6000,209759,0
16000,100324,0
12000,216859,0
10000,57970,0
2000,162876,0
10000,236564,0
12000,209943,0
8000,101801,0
6000,148161,0
14000,417952,0
10000,380494,0
20000,193552,0
16000,315671,0
8000,10187,0
16000,331263,0
6000,233360,0
8000,234383,0
10000,85636,0
12000,196777,0
0,147526,1
14000,235268,0
12000,160759,0
14000,370504,0
8000,171565,0
6000,109909,0
4000,86080,0
6000,260009,0
8000,211282,0
6000,211912,0
6000,334125,0
8000,235011,0
8000,167709,0
8000,137803,0
12000,137257,0
10000,164586,0
8000,153428,0
8000,47143,0
10000,89205,0
6000,149560,0
6000,117923,0
4000,245222,0
10000,230618,0
8000,289321,0
20000,182463,0
12000,289386,0
22000,137469,0
6000,199751,0
2000,309118,1
14000,104392,0
8000,212142,0
10000,62605,0
12000,270361,0
10000,178599,0
16000,270491,0
12000,265166,0
18000,151155,0
10000,199119,0
6000,207497,0
14000,260467,0
10000,140417,0
4000,140454,0
6000,156915,0
10000,78559,0
10000,189970,0
14000,279776,0
8000,227812,0
14000,247582,0
16000,166745,0
4000,337865,1
10000,99032,0
10000,347819,0
8000,119365,0
12000,98316,0
10000,325262,0
8000,85779,0
8000,169586,0
16000,108317,0
8000,54011,0
12000,282762,0
8000,61916,0
6000,30669,0
6000,254378,0
20000,271180,0
4000,214988,0
4000,150351,0
12000,226028,0
6000,99859,0
12000,206214,0
8000,191164,0
2000,206350,1
16000,96890,0
22000,118245,0
12000,163289,0
8000,115903,0
6000,121953,0
14000,208222,0
10000,320529,0
16000,77707,0
16000,325969,0
6000,285964,0
4000,243761,0
8000,174504,0
8000,284914,0
12000,17856,0
6000,76072,0
6000,260057,0
14000,55221,0
14000,82362,0
12000,399280,0
18000,363929,0
2000,269415,1
12000,158180,0
6000,128628,0
6000,207198,0
14000,81496,0
14000,512445,0
4000,102966,0
2000,222346,1
4000,118054,0
8000,145591,0
10000,84869,0
4000,147993,0
10000,152485,0
10000,298445,0
12000,197623,0
14000,230697,0
18000,499045,0
8000,79133,0
8000,137863,0
10000,228429,0
8000,27481,0
16000,123565,0
10000,311024,0
8000,222802,0
8000,209584,0
4000,196731,0
8000,26676,0
6000,243975,0
10000,249820,0
14000,172906,0
10000,15331,0
8000,183064,0
14000,310135,0
6000,326091,0
8000,218176,0
8000,180698,0
20000,114476,0
2000,283328,1
12000,85632,0
6000,183735,0
10000,102892,0
14000,199124,0
16000,299545,0
12000,188451,0
8000,140323,0
12000,284227,0
16000,123895,0
12000,106374,0
6000,183963,0
18000,311409,0
12000,191523,0
8000,248285,0
6000,236723,0
6000,118070,0
4000,57901,0
14000,147153,0
10000,357381,0
6000,109428,0
12000,118308,0
4000,20608,0
14000,214397,0
6000,187170,0
8000,51285,0
6000,313677,0
8000,373218,0
16000,321264,0
10000,300920,0
10000,301463,0
16000,196244,0
16000,196563,0
14000,313077,0
10000,104250,0
10000,127779,0
2000,385457,1
12000,125894,0
12000,83463,0
14000,248760,0
2000,155142,0
12000,136256,0
12000,125795,0
10000,159964,0
8000,89099,0
8000,203887,0
8000,295262,0
14000,310235,0
8000,94379,0
6000,207350,0
10000,89059,0
12000,264593,0
20000,24326,0
12000,198310,0
6000,319722,0
12000,209247,0
12000,172142,0
4000,163656,0
6000,64821,0
12000,94650,0
12000,282666,0
10000,236419,0
4000,47147,0
12000,13132,0
12000,199422,0
16000,254629,0
2000,217444,1
14000,449636,0
14000,90616,0
14000,176622,0
6000,156791,0
6000,88614,0
2000,309507,1
4000,153424,0
12000,92313,0
12000,148661,0
6000,145155,0
12000,154793,0
12000,204874,0
6000,271343,0
6000,259543,0
8000,40309,0
8000,129301,0
6000,227712,0
8000,140742,0
22000,219239,0
4000,319068,1
6000,27229,0
6000,97849,0
12000,174148,0
8000,214503,0
8000,161446,0
10000,131171,0
6000,130404,0
16000,204839,0
14000,221336,0
14000,166907,0
12000,176894,0
0,156517,1
10000,285496,0
6000,26428,0
10000,204691,0
12000,250563,0
10000,348328,0
10000,185628,0
14000,283270,0
8000,163036,0
6000,118870,0
4000,38428,0
2000,318882,1
12000,201221,0
16000,209605,0
8000,190352,0
16000,204990,0
12000,80152,0
10000,142615,0
6000,113192,0
10000,231995,0
2000,194906,1
8000,126831,0
20000,217230,0
4000,13875,0
10000,251301,0
10000,168641,0
2000,85909,0
10000,167333,0
6000,311545,0
10000,146084,0
12000,292067,0
10000,129678,0
8000,161625,0
10000,215268,0
8000,103915,0
14000,340703,0
16000,236961,0
8000,54228,0
8000,117942,0
8000,210403,0
8000,31012,0
14000,225272,0
12000,268549,0
8000,40319,0
14000,66412,0
16000,446730,0
12000,266504,0
12000,129604,0
10000,35673,0
12000,147225,0
4000,132407,0
16000,270949,0
8000,192971,0
6000,298850,0
2000,165904,0
6000,168816,0
12000,148903,0
12000,88443,0
14000,297947,0
6000,260456,0
18000,168396,0
4000,193571,0
16000,202488,0
18000,274648,0
16000,191172,0
20000,185131,0
18000,178677,0
12000,278894,0
10000,217620,0
6000,24256,0
10000,262241,0
6000,129123,0
8000,166970,0
8000,88856,0
10000,238193,0
8000,103501,0
8000,209533,0
8000,226162,0
12000,165175,0
14000,290501,0
12000,169089,0
12000,120478,0
10000,158650,0
14000,249511,0
8000,119956,0
14000,264573,0
12000,21073,0
12000,48072,0
14000,247006,0
8000,366077,0
12000,273111,0
8000,355189,0
18000,73214,0
12000,95146,0
8000,223023,0
12000,201859,0
10000,490550,0
2000,322267,1
6000,191289,0
6000,57841,0
14000,240432,0
14000,220939,0
14000,288319,0
4000,111064,0
10000,310275,0
10000,16157,0
4000,56028,0
8000,261569,0
16000,281395,0
8000,327535,0
14000,218627,0
12000,186049,0
4000,142644,0
4000,102258,0
16000,93572,0
4000,370498,1
4000,144113,0
18000,161599,0
4000,261864,1
6000,1061,0
14000,244750,0
10000,156919,0
18000,166085,0
6000,98360,0
6000,22088,0
14000,124362,0
12000,203727,0
6000,31635,0
6000,247552,0
8000,154691,0
6000,279479,0
8000,169307,0
12000,175819,0
2000,281494,1
14000,63230,0
10000,358327,0
6000,193450,0
18000,152930,0
10000,8837,0
0,94314,1
24000,237815,0
14000,95489,0
14000,187398,0
20000,9671,0
14000,372077,0
2000,241739,1
14000,75944,0
18000,341899,0
14000,266177,0
6000,214757,0
14000,157729,0
14000,128602,0
12000,84355,0
14000,261952,0
8000,200921,0
18000,159601,0
12000,76405,0
6000,157399,0
6000,67180,0
8000,424,0
12000,156596,0
10000,13537,0
8000,152454,0
12000,340204,0
18000,77435,0
10000,12604,0
12000,274071,0
14000,315844,0
14000,241875,0
4000,261060,0
2000,179297,1
6000,244751,0
6000,120420,0
8000,14109,0
10000,374835,0
6000,314625,0
4000,23960,0
6000,117932,0
10000,261602,0
6000,79125,0
8000,259804,0
16000,107561,0
26000,379918,0
14000,373565,0
12000,98804,0
10000,197841,0
10000,206539,0
14000,241920,0
8000,52012,0
4000,206132,0
8000,117106,0
6000,102312,0
10000,233894,0
4000,112609,0
4000,148718,0
12000,370711,0
10000,301875,0
8000,361814,0
14000,239478,0
14000,122683,0
18000,150431,0
20000,241155,0
6000,88089,0
10000,299197,0
18000,256141,0
16000,127892,0
14000,269039,0
6000,108353,0
8000,200329,0
4000,186569,0
8000,178477,0
16000,161374,0
8000,144841,0
12000,359580,0
6000,220528,0
12000,428470,0
6000,213770,0
14000,476573,0
10000,189910,0
6000,379182,0
12000,378974,0
2000,548021,1
8000,275835,0
20000,425222,0
14000,322148,0
4000,138268,0
12000,48627,0
12000,286610,0
18000,209172,0
14000,226645,0
8000,248258,0
10000,341343,0
10000,151425,0
4000,130817,0
16000,46773,0
14000,315245,0
6000,186943,0
14000,232787,0
20000,366668,0
6000,126143,0
12000,292698,0
16000,201759,0
6000,240262,0
6000,183023,0
6000,181193,0
8000,102195,0
14000,108349,0
14000,229551,0
16000,224646,0
10000,312750,0
4000,264941,1
12000,265148,0
8000,1116,0
6000,239729,0
6000,144446,0
8000,99616,0
14000,369512,0
12000,285132,0
16000,79057,0
16000,195379,0
6000,230242,0
14000,229247,0
12000,101572,0
12000,94550,0
6000,5719,0
16000,231072,0
20000,258837,0
4000,19970,0
4000,19465,0
12000,167182,0
10000,380182,0
2000,58477,0
14000,128276,0
6000,269252,0
6000,221709,0
8000,175038,0
8000,103560,0
10000,180633,0
12000,223629,0
18000,359147,0
4000,81551,0
14000,269457,0
8000,86731,0
6000,15122,0
14000,325127,0
14000,135493,0
12000,254277,0
4000,195938,0
12000,168155,0
12000,313881,0
6000,313349,0
4000,142572,0
10000,76905,0
14000,287543,0
8000,236712,0
14000,283408,0
18000,160085,0
18000,221601,0
10000,211313,0
6000,14254,0
10000,27182,0
6000,174575,0
6000,241586,0
18000,77189,0
8000,200791,0
6000,102630,0
20000,156123,0
8000,194694,0
6000,101366,0
10000,61429,0
8000,284454,0
8000,257571,0
6000,274640,0
12000,240097,0
24000,240252,0
10000,172786,0
8000,36875,0
6000,191099,0
14000,78404,0
16000,75659,0
14000,243477,0
10000,361052,0
10000,191027,0
6000,140488,0
2000,34909,0
2000,423580,1
14000,414113,0
4000,137256,0
8000,103461,0
2000,261791,1
6000,249828,0
10000,69499,0
12000,299111,0
12000,111268,0
14000,205324,0
12000,391438,0
16000,389158,0
14000,360085,0
12000,136416,0
14000,75841,0
4000,224974,0
4000,197976,0
10000,66335,0
12000,200477,0
6000,292516,0
8000,77307,0
10000,155404,0
8000,29174,0
4000,223697,0
2000,232977,1
16000,88136,0
10000,131929,0
12000,135597,0
12000,209580,0
12000,375253,0
20000,238144,0
10000,136877,0
16000,185753,0
2000,337252,1
10000,136201,0
16000,185976,0
2000,94265,0
8000,193639,0
8000,121107,0
6000,316700,0
12000,360496,0
6000,220810,0
4000,350866,1
10000,161655,0
16000,97824,0
10000,342708,0
4000,52879,0
8000,239695,0
10000,235324,0
14000,176420,0
6000,24305,0
6000,183538,0
6000,158180,0
6000,210572,0
8000,215415,0
12000,172493,0
12000,92352,0
6000,354936,0
18000,227823,0
10000,238246,0
8000,57455,0
8000,125276,0
10000,204415,0
2000,343870,1
4000,81053,0
6000,165616,0
8000,217023,0
8000,5434,0
12000,177021,0
6000,311236,0
4000,92959,0
12000,169299,0
6000,77258,0
10000,218170,0
14000,124975,0
8000,365815,0
8000,117695,0
10000,172870,0
14000,158359,0
16000,236208,0
14000,221616,0
14000,91693,0
6000,249996,0
6000,224765,0
16000,198745,0
14000,292461,0
4000,105078,0
14000,130808,0
12000,131848,0
10000,213414,0
10000,105862,0
4000,90935,0
10000,262423,0
14000,115321,0
26000,64744,0
10000,7744,0
8000,71842,0
6000,70524,0
6000,81271,0
12000,186070,0
8000,282913,0
10000,112979,0
6000,228412,0
10000,119347,0
8000,214707,0
10000,334896,0
6000,125036,0
10000,247906,0
10000,128287,0
8000,75849,0
8000,79711,0
10000,269497,0
4000,229124,0
14000,381768,0
10000,170279,0
6000,251607,0
8000,21005,0
4000,243326,0
6000,49274,0
12000,312133,0
8000,179810,0
6000,132077,0
10000,141961,0
10000,74429,0
2000,114535,0
14000,185102,0
12000,370299,0
14000,274038,0
8000,71695,0
16000,69104,0
10000,97384,0
8000,207140,0
4000,97630,0
8000,149155,0
8000,229775,0
16000,224508,0
6000,28373,0
12000,300190,0
8000,26323,0
14000,241044,0
18000,85960,0
6000,30992,0
12000,261645,0
4000,103918,0
16000,242915,0
14000,207074,0
8000,264220,0
12000,301630,0
10000,262121,0
10000,52924,0
6000,185513,0
12000,415710,0
12000,50826,0
8000,296926,0
10000,88889,0
14000,162510,0
0,136246,1
10000,250200,0
4000,141647,0
8000,159251,0
2000,215741,1
4000,1423,0
10000,62054,0
16000,196584,0
8000,254556,0
4000,81927,0
2000,41368,0
8000,160043,0
6000,45970,0
8000,434604,0
16000,239242,0
12000,297578,0
8000,67196,0
10000,190993,0
8000,66611,0
6000,55974,0
22000,307103,0
8000,309941,0
10000,294228,0
20000,322774,0
8000,338560,0
6000,284416,0
20000,336737,0
12000,281140,0
2000,41843,0
10000,180698,0
16000,135791,0
4000,227758,0
10000,151616,0
4000,236138,0
22000,248562,0
16000,241931,0
12000,201527,0
12000,158884,0
16000,144323,0
8000,67549,0
8000,103073,0
14000,226950,0
6000,44338,0
10000,231837,0
12000,281150,0
4000,18077,0
8000,204289,0
8000,53513,0
4000,176217,0
8000,301738,0
20000,209194,0
8000,416557,0
2000,128926,0
6000,309939,0
12000,98329,0
16000,66755,0
6000,115562,0
14000,243144,0
10000,69840,0
12000,267639,0
16000,365077,0
4000,123819,0
8000,135338,0
20000,218528,0
8000,103617,0
24000,250865,0
12000,294131,0
6000,85382,0
6000,217342,0
12000,320881,0
10000,103014,0
8000,180913,0
18000,219533,0
10000,224311,0
4000,238171,0
8000,258923,0
12000,104406,0
20000,245952,0
16000,211812,0
4000,112704,0
14000,286011,0
2000,36438,0
12000,300199,0
4000,337884,1
22000,116027,0
10000,81478,0
14000,49744,0
6000,251633,0
4000,157411,0
4000,154088,0
12000,251126,0
10000,147842,0
6000,120812,0
24000,283284,0
8000,271679,0
20000,217100,0
6000,86296,0
14000,78564,0
16000,365359,0
8000,227798,0
18000,143747,0
12000,142077,0
20000,463533,0
8000,193291,0
8000,252655,0
4000,14844,0
8000,390982,0
8000,295652,0
10000,151381,0
10000,77107,0
14000,249087,0
10000,106588,0
8000,286709,0
10000,112030,0
12000,160260,0
6000,160682,0
14000,250049,0
8000,270516,0
8000,139200,0
8000,231516,0
8000,199935,0
2000,46872,0
10000,17024,0
22000,87544,0
8000,54621,0
6000,293257,0
18000,23607,0
10000,112485,0
18000,336727,0
14000,95851,0
6000,236244,0
18000,325936,0
12000,229126,0
4000,198777,0
10000,238820,0
4000,234888,0
4000,290390,1
6000,124395,0
6000,269999,0
6000,258975,0
6000,47805,0
8000,159550,0
6000,76359,0
8000,297946,0
6000,156384,0
16000,35681,0
18000,60610,0
12000,157715,0
16000,230746,0
6000,210557,0
8000,226814,0
10000,337809,0
8000,222470,0
10000,312873,0
4000,162846,0
2000,193348,1
4000,19320,0
12000,227261,0
8000,263989,0
10000,290350,0
12000,207542,0
8000,452080,0
18000,348260,0
12000,173850,0
12000,88873,0
10000,43658,0
6000,297270,0
4000,157617,0
10000,111751,0
10000,226953,0
10000,92702,0
22000,118695,0
14000,264746,0
6000,82596,0
6000,215622,0
6000,210736,0
14000,34134,0
12000,209877,0
6000,55377,0
8000,324893,0
6000,224501,0
18000,283250,0
12000,50444,0
10000,152489,0
10000,312792,0
4000,80811,0
10000,399944,0
4000,245817,0
12000,34958,0
10000,243069,0
10000,71299,0
10000,67515,0
12000,202817,0
6000,281984,0
14000,186073,0
14000,297445,0
6000,251473,0
16000,245818,0
10000,62919,0
14000,30620,0
18000,346095,0
18000,291432,0
8000,343067,0
12000,173136,0
6000,130326,0
12000,235021,0
6000,264423,0
10000,153236,0
2000,192503,1
12000,257930,0
4000,231778,0
12000,287321,0
6000,216749,0
10000,95011,0
18000,230863,0
12000,202832,0
10000,251191,0
10000,246952,0
2000,300603,1
4000,142230,0
12000,225299,0
20000,161228,0
16000,169082,0
12000,230290,0
8000,305361,0
14000,222329,0
2000,297370,1
16000,319070,0
6000,168054,0
8000,242095,0
6000,119571,0
16000,402458,0
14000,399815,0
14000,162159,0
14000,189017,0
12000,259351,0
4000,104902,0
8000,149082,0
18000,131506,0
8000,107429,0
8000,214605,0
12000,300039,0
10000,127039,0
4000,218272,0
6000,33526,0
4000,143427,0
8000,142944,0
14000,196819,0
8000,344802,0
2000,31694,0
10000,213824,0
18000,172802,0
12000,28223,0
8000,192549,0
12000,244757,0
2000,5228,0
10000,173240,0
10000,308270,0
10000,169728,0
6000,90897,0
16000,228737,0
12000,185658,0
14000,337323,0
12000,177429,0
12000,306768,0
8000,79234,0
22000,312297,0
14000,197248,0
10000,174842,0
6000,202557,0
12000,291757,0
16000,157002,0
8000,80433,0
14000,123960,0
10000,327,0
8000,73492,0
8000,294898,0
8000,147529,0
4000,347110,1
12000,158652,0
8000,120317,0
16000,191091,0
12000,291477,0
6000,216375,0
8000,103261,0
14000,227857,0
14000,395947,0
6000,147272,0
10000,268951,0
16000,30978,0
6000,137215,0
6000,293553,0
6000,110403,0
6000,195617,0
2000,199095,1
12000,319510,0
10000,17859,0
6000,205969,0
10000,336954,0
14000,279999,0
10000,468305,0
16000,211346,0
12000,300877,0
16000,212458,0
16000,226275,0
12000,341903,0
6000,242495,0
6000,113304,0
16000,72805,0
6000,237161,0
14000,208067,0
2000,149200,1
8000,13114,0
8000,436918,0
10000,338111,0
6000,139391,0
8000,106738,0
16000,286796,0
6000,317759,0
8000,166193,0
12000,213606,0
8000,144002,0
14000,274030,0
22000,283950,0
16000,210487,0
18000,329617,0
12000,165676,0
4000,236926,0
10000,125906,0
12000,34616,0
12000,225683,0
10000,286191,0
8000,141823,0
10000,180286,0
14000,285481,0
4000,159581,0
4000,139526,0
16000,152461,0
4000,284732,1
8000,280816,0
10000,177206,0
16000,166932,0
16000,326933,0
16000,28534,0
16000,213797,0
16000,351120,0
6000,40933,0
14000,181619,0
12000,132247,0
12000,275478,0
8000,35164,0
8000,80960,0
20000,288078,0
4000,246343,0
6000,245152,0
8000,119063,0
24000,167260,0
14000,188375,0
18000,321629,0
16000,186079,0
12000,189427,0
10000,218796,0
12000,261898,0
8000,65338,0
14000,258586,0
12000,124353,0
8000,254190,0
14000,248944,0
10000,96962,0
12000,223578,0
10000,214756,0
4000,241784,0
10000,139638,0
8000,182318,0
14000,170479,0
4000,83735,0
10000,183990,0
10000,107280,0
10000,127942,0
8000,335571,0
10000,360803,0
10000,138399,0
8000,121711,0
4000,196615,0
6000,226512,0
8000,197790,0
18000,64089,0
4000,93309,0
8000,279295,0
10000,360594,0
16000,444047,0
12000,174673,0
8000,168021,0
10000,92338,0
10000,271027,0
6000,118297,0
10000,205881,0
4000,87781,0
12000,202643,0
10000,260739,0
10000,87505,0
12000,171008,0
16000,171811,0
20000,270338,0
6000,59646,0
12000,239890,0
14000,68190,0
12000,274416,0
12000,332857,0
14000,73873,0
6000,93483,0
10000,177393,0
8000,238976,0
8000,79537,0
8000,262523,0
12000,185130,0
6000,205076,0
10000,106726,0
8000,283560,0
4000,199846,0
8000,237050,0
16000,226297,0
12000,5760,0
6000,400490,1
10000,106932,0
12000,20787,0
12000,218832,0
12000,210029,0
10000,56544,0
10000,136230,0
12000,244479,0
12000,255483,0
8000,277883,0
18000,94525,0
8000,174244,0
8000,272134,0
18000,135912,0
6000,106691,0
16000,258824,0
12000,7408,0
6000,68398,0
6000,166472,0
8000,133412,0
12000,65162,0
10000,125000,0
6000,200236,0
18000,353029,0
8000,286678,0
10000,320301,0
6000,45508,0
14000,349916,0
12000,220734,0
4000,101010,0
6000,231389,0
4000,266923,1
12000,297807,0
4000,31320,0
10000,52256,0
22000,270091,0
4000,251230,0
4000,325630,1
8000,256657,0
10000,156779,0
12000,103639,0
12000,283965,0
20000,473794,0
6000,190955,0
4000,121539,0
14000,264248,0
14000,250052,0
6000,204368,0
4000,202969,0
10000,229906,0
10000,22333,0
4000,149848,0
16000,203961,0
12000,157723,0
6000,267339,0
12000,213521,0
6000,186784,0
8000,211061,0
12000,114726,0
10000,203199,0
6000,139047,0
18000,59331,0
12000,225743,0
14000,65969,0
10000,163450,0
6000,124086,0
4000,117082,0
14000,178764,0
0,37973,0
10000,252733,0
6000,126828,0
10000,189138,0
8000,249095,0
6000,143643,0
16000,377765,0
14000,173341,0
6000,171551,0
20000,64606,0
10000,150888,0
6000,126409,0
4000,69220,0
10000,208312,0
8000,291761,0
12000,95364,0
6000,166523,0
4000,10294,0
14000,271534,0
10000,246736,0
12000,350184,0
14000,174481,0
8000,292586,0
12000,223790,0
10000,160155,0
8000,124773,0
14000,368495,0
10000,81282,0
10000,314175,0
18000,204267,0
8000,179752,0
8000,163215,0
8000,284695,0
4000,44225,0
12000,131457,0
8000,189565,0
8000,44716,0
6000,19470,0
4000,15573,0
8000,232357,0
12000,127216,0
2000,14126,0
14000,140349,0
14000,20699,0
10000,96713,0
10000,213827,0
14000,141911,0
8000,126207,0
4000,168043,0
8000,167957,0
12000,168306,0
14000,261952,0
6000,77536,0
12000,184877,0
8000,121278,0
8000,107387,0
4000,87269,0
4000,253708,0
10000,104346,0
10000,158062,0
4000,179360,0
8000,227670,0
6000,20173,0
2000,321310,1
4000,287777,0
10000,224040,0
10000,90619,0
4000,187325,0
4000,59186,0
12000,299434,0
12000,398728,0
16000,229474,0
14000,229938,0
6000,344248,0
14000,288769,0
8000,87352,0
10000,126134,0
10000,295417,0
12000,205887,0
12000,267107,0
10000,183133,0
12000,298058,0
8000,204892,0
12000,162959,0
8000,79929,0
2000,101095,0
8000,148751,0
8000,219767,0
14000,214751,0
4000,133367,0
10000,127490,0
12000,284955,0
4000,127692,0
8000,27503,0
16000,234964,0
16000,295407,0
4000,20437,0
6000,83454,0
18000,351938,0
20000,122745,0
4000,30509,0
4000,186241,0
4000,11455,0
20000,322754,0
8000,161148,0
8000,86546,0
20000,392608,0
4000,128428,0
12000,42080,0
14000,263960,0
6000,17933,0
8000,411901,0
10000,188256,0
20000,491267,0
8000,79348,0
16000,183428,0
8000,46649,0
12000,301729,0
8000,231373,0
18000,312936,0
6000,120499,0
6000,177622,0
8000,160700,0
12000,171508,0
10000,256367,0
14000,174018,0
6000,218264,0
10000,213519,0
8000,243980,0
12000,108822,0
8000,85473,0
10000,387461,0
8000,233051,0
6000,205542,0
8000,332249,0
8000,252757,0
10000,170173,0
2000,75055,0
14000,61637,0
8000,103897,0
8000,355571,0
6000,206098,0
6000,335885,0
6000,100583,0
14000,271764,0
10000,78984,0
8000,261930,0
8000,8582,0
10000,89101,0
10000,318824,0
8000,106295,0
8000,170242,0
12000,128770,0
12000,260381,0
8000,276281,0
12000,146061,0
12000,273940,0
10000,231262,0
10000,222930,0
6000,119114,0
4000,112433,0
6000,117791,0
2000,95021,0
12000,168453,0
8000,157763,0
14000,478378,0
18000,329688,0
10000,346133,0
4000,209465,0
6000,277009,0
6000,241581,0
10000,169731,0
6000,271534,0
10000,163198,0
16000,360095,0
14000,278354,0
4000,304476,1
2000,194300,1
4000,336320,1
10000,33234,0
16000,172532,0
10000,171027,0
6000,267905,0
2000,159084,0
8000,404326,0
14000,369144,0
12000,167687,0
8000,124075,0
10000,237260,0
10000,171936,0
8000,106597,0
8000,99381,0
8000,23632,0
12000,59634,0
12000,294949,0
4000,183764,0
10000,352366,0
6000,317821,0
4000,357016,1
10000,221182,0
10000,83554,0
4000,184243,0
8000,188551,0
8000,169142,0
8000,277984,0
14000,281315,0
10000,164483,0
12000,266254,0
8000,290966,0
10000,164128,0
6000,57927,0
6000,67366,0
8000,129404,0
6000,211021,0
14000,34686,0
8000,225952,0
14000,297030,0
8000,189441,0
4000,335485,1
6000,141337,0
12000,56403,0
18000,92393,0
6000,206704,0
14000,147390,0
18000,276088,0
8000,141238,0
14000,315603,0
10000,208381,0
12000,214868,0
8000,162881,0
4000,28237,0
4000,66181,0
8000,57138,0
8000,151323,0
6000,194995,0
16000,294516,0
10000,114129,0
14000,159381,0
10000,39740,0
16000,101444,0
2000,256583,1
8000,182860,0
8000,41752,0
8000,125023,0
8000,267672,0
10000,361484,0
8000,227207,0
8000,259271,0
6000,102105,0
14000,273363,0
16000,167083,0
6000,181884,0
10000,173415,0
8000,140059,0
0,246775,1
2000,218759,1
6000,244806,0
10000,423945,0
8000,70151,0
10000,223546,0
8000,329822,0
14000,212093,0
8000,16561,0
14000,224279,0
12000,238493,0
8000,236003,0
10000,235385,0
10000,262553,0
12000,277857,0
10000,17557,0
8000,191218,0
8000,334796,0
12000,8247,0
12000,249368,0
10000,236122,0
4000,217482,0
8000,211860,0
10000,182379,0
14000,126745,0
12000,272202,0
14000,212501,0
14000,362775,0
8000,209993,0
10000,81184,0
12000,248401,0
12000,86543,0
8000,447443,0
10000,134590,0
12000,211296,0
8000,32663,0
14000,94912,0
10000,209151,0
10000,209873,0
14000,125276,0
22000,210611,0
12000,321674,0
10000,154702,0
8000,142487,0
14000,166950,0
10000,37634,0
12000,178326,0
4000,6930,0
4000,309480,1
6000,190966,0
2000,145650,0
16000,74666,0
12000,191305,0
4000,248195,0
12000,188743,0
8000,167551,0
10000,247833,0
10000,3991,0
8000,169201,0
4000,206648,0
14000,259096,0
4000,94622,0
12000,267442,0
16000,102309,0
16000,373576,0
12000,151564,0
14000,201215,0
18000,388293,0
12000,284987,0
10000,227941,0
10000,295950,0
18000,319577,0
12000,231061,0
10000,123129,0
18000,172736,0
6000,142375,0
4000,237243,0
6000,56820,0
10000,158503,0
8000,237636,0
10000,228507,0
22000,246590,0
12000,298814,0
12000,302775,0
14000,61090,0
4000,214292,0
8000,160586,0
4000,262331,0
4000,264897,0
6000,78689,0
6000,250003,0
6000,93628,0
8000,224586,0
6000,176815,0
12000,204442,0
4000,197023,0
4000,230193,0
6000,203187,0
8000,8572,0
10000,255789,0
6000,177031,0
14000,106998,0
14000,183812,0
16000,62325,0
14000,127963,0
12000,149759,0
12000,179986,0
4000,102792,0
8000,284700,0
8000,197182,0
6000,170576,0
8000,192854,0
6000,142177,0
4000,207055,0
8000,251598,0
8000,237522,0
4000,70905,0
14000,209523,0
16000,271489,0
8000,207267,0
8000,415476,0
8000,352673,0
14000,254453,0
4000,274816,0
8000,8521,0
12000,137355,0
8000,88202,0
4000,266205,0
10000,97516,0
4000,174326,0
8000,193192,0
16000,235749,0
12000,286943,0
20000,121564,0
6000,289768,0
16000,58065,0
14000,152988,0
6000,231602,0
10000,222824,0
12000,202086,0
12000,225255,0
10000,364425,0
8000,174872,0
10000,102843,0
4000,39648,0
10000,208787,0
6000,162205,0
8000,180859,0
14000,262423,0
18000,151961,0
8000,124370,0
8000,44989,0
6000,197698,0
4000,54127,0
6000,7293,0
6000,389051,1
0,246919,1
8000,29208,0
10000,327022,0
10000,300296,0
12000,226496,0
4000,198936,0
14000,168802,0
8000,106974,0
16000,199080,0
6000,64175,0
6000,169706,0
10000,132809,0
10000,286522,0
12000,251771,0
14000,199907,0
8000,108451,0
10000,235541,0
8000,15387,0
10000,117218,0
14000,69684,0
4000,151571,0
12000,84651,0
10000,240886,0
12000,273420,0
10000,88279,0
14000,220667,0
10000,140033,0
12000,217406,0
14000,15443,0
14000,175692,0
14000,87047,0
10000,245832,0
10000,117606,0
6000,159346,0
8000,135593,0
10000,49938,0
12000,238575,0
4000,191176,0
8000,96878,0
4000,48516,0
6000,332954,0
10000,162489,0
4000,279579,1
6000,63316,0
8000,253664,0
16000,240573,0
10000,281047,0
4000,204837,0
12000,216462,0
10000,24913,0
6000,103923,0
12000,195737,0
8000,231259,0
16000,19350,0
14000,148030,0
8000,269742,0
4000,68560,0
6000,49428,0
8000,137110,0
14000,330959,0
8000,139865,0
8000,85282,0
10000,273027,0
10000,193706,0
8000,368315,0
8000,174428,0
12000,144809,0
6000,222597,0
10000,208489,0
10000,513037,0
6000,107740,0
4000,211942,0
10000,398553,0
2000,104283,0
10000,255816,0
14000,274945,0
16000,233357,0
14000,359559,0
14000,231888,0
14000,152097,0
8000,213359,0
12000,106060,0
14000,70690,0
8000,187547,0
10000,24671,0
10000,113286,0
10000,117335,0
8000,120647,0
12000,68502,0
20000,213048,0
14000,177600,0
8000,234686,0
6000,101865,0
6000,213888,0
12000,299869,0
6000,308027,0
12000,334443,0
18000,294257,0
12000,252211,0
6000,235742,0
6000,162912,0
2000,148485,1
10000,296640,0
10000,172170,0
8000,71794,0
12000,273275,0
12000,286682,0
18000,129473,0
12000,141130,0
4000,174612,0
6000,77774,0
8000,154354,0
10000,257167,0
6000,74542,0
8000,265271,0
6000,221532,0
12000,252186,0
8000,297176,0
12000,191920,0
8000,127059,0
12000,5886,0
14000,107909,0
6000,138185,0
18000,137356,0
10000,219554,0
10000,168012,0
10000,210544,0
4000,123269,0
6000,143917,0
10000,35505,0
8000,246174,0
6000,133718,0
6000,208451,0
6000,8057,0
18000,36321,0
8000,381707,0
6000,44243,0
4000,230958,0
12000,123364,0
10000,73949,0
16000,50892,0
8000,179695,0
6000,187613,0
0,181896,1
10000,367531,0
14000,231835,0
8000,235950,0
6000,206166,0
14000,242254,0
18000,111816,0
14000,134983,0
6000,263174,0
4000,108469,0
22000,171333,0
10000,107353,0
12000,190521,0
10000,227505,0
4000,177971,0
6000,239716,0
10000,222607,0
8000,322664,0
10000,91854,0
10000,98236,0
12000,150346,0
8000,192677,0
10000,77895,0
12000,179969,0
8000,274541,0
8000,23541,0
4000,88127,0
6000,208601,0
12000,234164,0
10000,260689,0
8000,236538,0
6000,323055,0
8000,121419,0
12000,210513,0
18000,184046,0
12000,163931,0
8000,201685,0
6000,42084,0
4000,128845,0
8000,197874,0
6000,224895,0
8000,42429,0
10000,154976,0
6000,121902,0
10000,277785,0
8000,214576,0
4000,57170,0
18000,289098,0
6000,177831,0
14000,377236,0
10000,160960,0
6000,34575,0
6000,114161,0
2000,32268,0
8000,23281,0
10000,263837,0
14000,267132,0
2000,34111,0
12000,286429,0
10000,262193,0
12000,218808,0
8000,275217,0
10000,214666,0
18000,281870,0
24000,565299,0
10000,105754,0
14000,114718,0
6000,101808,0
4000,158069,0
18000,318690,0
2000,89915,0
6000,93556,0
8000,170492,0
12000,244467,0
4000,86329,0
8000,137699,0
16000,311319,0
8000,52824,0
10000,111012,0
12000,198232,0
10000,170607,0
20000,223256,0
22000,80455,0
8000,244464,0
8000,139116,0
12000,197854,0
16000,56696,0
16000,18434,0
10000,104802,0
8000,188058,0
6000,259253,0
10000,371847,0
12000,209484,0
8000,266626,0
14000,242805,0
2000,165334,1
16000,190864,0
16000,250092,0
6000,438679,1
14000,327959,0
8000,211227,0
16000,430593,0
8000,170672,0
2000,20198,0
8000,64910,0
8000,340432,0
4000,101826,0
6000,46225,0
8000,125362,0
4000,203987,0
10000,137910,0
8000,213183,0
6000,60865,0
16000,267631,0
6000,253571,0
6000,115983,0
4000,207328,0
8000,305646,0
14000,184975,0
12000,154070,0
10000,104950,0
18000,242122,0
14000,159194,0
14000,306115,0
6000,184920,0
18000,63753,0
14000,142016,0
12000,116852,0
4000,213336,0
6000,108900,0
2000,112264,0
10000,167528,0
12000,205472,0
14000,282265,0
8000,244700,0
6000,54710,0
12000,97483,0
4000,24306,0
12000,26504,0
12000,195877,0
8000,198735,0
12000,290896,0
6000,301645,0
6000,234804,0
10000,163054,0
8000,224581,0
8000,88244,0
12000,135320,0
8000,62721,0
18000,246919,0
12000,116614,0
10000,78210,0
12000,128360,0
6000,49245,0
6000,191245,0
4000,242563,0
8000,255405,0
8000,325700,0
10000,57592,0
10000,192456,0
14000,363227,0
12000,219327,0
4000,8357,0
14000,196102,0
16000,162352,0
10000,259056,0
12000,191296,0
2000,72002,0
14000,225584,0
14000,225802,0
14000,191049,0
2000,190770,1
16000,199501,0
6000,152053,0
4000,242973,0
18000,148997,0
14000,246665,0
8000,274724,0
10000,194992,0
14000,161419,0
6000,434141,1
6000,119145,0
12000,86785,0
12000,223496,0
2000,187765,1
6000,45162,0
14000,203230,0
12000,906,0
8000,236337,0
10000,178748,0
4000,87238,0
2000,161040,1
16000,225559,0
6000,296652,0
10000,53475,0
12000,194508,0
16000,106190,0
4000,87013,0
10000,259623,0
4000,178197,0
14000,323798,0
12000,241855,0
14000,125894,0
6000,170313,0
8000,82326,0
12000,115314,0
4000,121459,0
4000,79784,0
16000,166330,0
10000,133493,0
6000,155429,0
8000,219276,0
10000,255725,0
12000,231789,0
8000,264592,0
4000,109718,0
6000,191141,0
10000,238330,0
8000,172445,0
12000,237079,0
14000,46854,0
6000,321505,0
4000,323223,1
8000,98572,0
14000,250806,0
20000,218253,0
10000,240698,0
4000,157579,0
4000,177143,0
4000,136798,0
14000,254132,0
2000,71827,0
10000,349815,0
6000,138781,0
6000,47074,0
2000,37374,0
10000,221911,0
14000,208109,0
10000,173586,0
4000,269464,0
6000,29818,0
14000,257464,0
14000,287429,0
10000,283773,0
14000,175409,0
22000,230736,0
12000,192078,0
6000,156440,0
10000,197991,0
2000,60893,0
8000,149841,0
12000,271744,0
4000,47470,0
18000,32986,0
12000,160515,0
14000,158255,0
6000,77384,0
12000,106245,0
12000,109516,0
22000,213629,0
8000,206485,0
12000,274654,0
14000,103077,0
12000,173415,0
12000,37549,0
6000,171751,0
12000,222758,0
10000,88633,0
8000,166108,0
14000,305965,0
10000,191960,0
10000,282760,0
8000,101273,0
8000,181525,0
4000,138564,0
12000,250614,0
8000,217840,0
4000,191504,0
12000,272573,0
4000,173098,0
10000,50916,0
10000,315453,0
10000,229580,0
16000,13016,0
2000,273518,1
4000,93488,0
12000,22756,0
8000,250619,0
8000,267277,0
12000,233978,0
6000,216113,0
8000,296745,0
10000,54456,0
16000,156480,0
16000,310951,0
12000,242345,0
4000,127594,0
4000,196988,0
18000,4008,0
12000,172147,0
16000,345866,0
14000,339559,0
14000,138086,0
16000,149871,0
12000,226718,0
10000,329524,0
14000,11714,0
6000,195903,0
18000,151214,0
10000,159410,0
2000,251800,1
8000,245506,0
2000,280400,1
14000,265723,0
10000,263868,0
10000,278712,0
16000,367766,0
8000,349111,0
4000,281325,1
4000,49321,0
18000,283377,0
6000,104883,0
12000,167443,0
8000,150023,0
14000,159987,0
8000,122918,0
6000,221814,0
8000,88399,0
10000,153278,0
4000,92414,0
8000,324686,0
6000,56832,0
16000,405783,0
14000,100914,0
10000,182048,0
6000,165184,0
10000,398476,0
10000,227030,0
14000,226893,0
6000,136398,0
6000,122978,0
12000,275179,0
2000,22700,0
16000,308453,0
6000,279782,0
14000,192643,0
14000,199087,0
6000,683,0
6000,187984,0
10000,248232,0
8000,30376,0
10000,211624,0
14000,250581,0
12000,291840,0
8000,178445,0
10000,248757,0
18000,304823,0
12000,165761,0
12000,219072,0
12000,21250,0
10000,102314,0
8000,156055,0
10000,22637,0
8000,71902,0
12000,100725,0
16000,47514,0
14000,254016,0
12000,221942,0
8000,323409,0
8000,189591,0
16000,13643,0
6000,99955,0
12000,384655,0
20000,340317,0
12000,168689,0
8000,168372,0
8000,151537,0
6000,250783,0
4000,276913,0
8000,203969,0
10000,285032,0
18000,213600,0
6000,22050,0
12000,176402,0
16000,320887,0
10000,311925,0
10000,213222,0
4000,268677,0
12000,333755,0
6000,148935,0
8000,8947,0
10000,39555,0
16000,184745,0
10000,145024,0
4000,97678,0
18000,28908,0
10000,83670,0
6000,208340,0
10000,227450,0
8000,205528,0
16000,261961,0
14000,360942,0
12000,267223,0
10000,219485,0
2000,303333,1
10000,234956,0
10000,154862,0
12000,58881,0
8000,202246,0
12000,202148,0
14000,333476,0
12000,308380,0
10000,64781,0
14000,222380,0
18000,156959,0
8000,285509,0
8000,174986,0
2000,293360,1
14000,182423,0
12000,109054,0
14000,183522,0
14000,125596,0
12000,222796,0
12000,234128,0
12000,248186,0
14000,124900,0
14000,200125,0
10000,174032,0
10000,250366,0
8000,190885,0
2000,149389,1
10000,177219,0
2000,355752,1
16000,362907,0
10000,226835,0
6000,114130,0
10000,266698,0
4000,341160,1
8000,164637,0
18000,266121,0
12000,173072,0
12000,298715,0
10000,265684,0
14000,280385,0
10000,286022,0
18000,352074,0
14000,213113,0
6000,342201,0
8000,110173,0
10000,128171,0
4000,160551,0
16000,322954,0
16000,372013,0
10000,317831,0
0,204841,1
12000,160285,0
10000,290046,0
12000,79232,0
12000,165645,0
14000,53993,0
8000,143792,0
6000,267909,0
18000,162129,0
8000,143505,0
4000,82329,0
14000,166830,0
10000,130939,0
6000,206266,0
10000,247114,0
10000,169216,0
8000,286801,0
10000,200455,0
2000,209991,1
12000,138285,0
12000,90607,0
10000,61805,0
14000,364758,0
8000,307386,0
12000,474857,0
10000,42910,0
14000,257205,0
8000,219094,0
10000,250164,0
4000,42180,0
2000,215870,1
12000,61844,0
10000,16477,0
12000,194851,0
8000,128749,0
6000,56902,0
4000,57055,0
14000,296983,0
12000,300414,0
16000,172944,0
8000,248459,0
12000,225718,0
14000,179408,0
14000,260648,0
8000,131908,0
14000,101797,0
14000,56016,0
10000,88409,0
10000,34406,0
8000,55129,0
16000,171221,0
6000,183501,0
4000,110430,0
16000,40430,0
6000,19392,0
10000,334728,0
12000,131380,0
16000,431177,0
8000,152482,0
8000,7263,0
10000,210382,0
12000,54135,0
6000,241805,0
12000,258129,0
6000,142481,0
14000,167018,0
6000,200038,0
12000,231077,0
8000,230501,0
10000,256599,0
12000,161301,0
12000,63210,0
14000,165239,0
10000,202877,0
10000,358481,0
8000,209528,0
8000,238570,0
10000,193929,0
10000,181426,0
4000,194777,0
6000,183924,0
14000,20254,0
16000,128034,0
8000,237320,0
6000,282921,0
14000,156462,0
10000,123318,0
6000,105763,0
12000,106999,0
10000,158157,0
14000,258562,0
8000,200696,0
16000,280775,0
16000,270783,0
6000,138663,0
8000,184859,0
6000,235716,0
12000,263494,0
16000,327078,0
16000,213902,0
8000,256865,0
10000,159556,0
12000,121627,0
12000,298087,0
8000,200676,0
16000,294765,0
12000,203711,0
18000,438372,0
6000,328334,0
8000,342624,0
2000,107141,0
14000,122403,0
14000,207688,0
10000,278389,0
14000,173923,0
14000,298496,0
10000,282425,0
6000,53686,0
14000,202069,0
10000,270220,0
16000,141678,0
14000,133818,0
10000,186745,0
6000,167425,0
8000,187959,0
12000,195198,0
12000,175765,0
10000,7879,0
8000,94824,0
10000,99212,0
2000,136267,0
8000,279757,0
10000,149832,0
12000,303907,0
4000,285499,1
8000,106301,0
16000,67465,0
16000,182200,0
18000,216993,0
10000,121045,0
8000,98365,0
8000,209439,0
2000,26098,0
8000,350960,0
8000,300772,0
12000,227206,0
6000,245814,0
14000,246564,0
12000,272261,0
8000,305171,0
6000,246286,0
2000,136285,1
12000,61777,0
14000,219233,0
6000,183273,0
6000,88301,0
16000,146118,0
10000,102577,0
12000,294656,0
4000,117634,0
12000,106662,0
10000,147631,0
10000,246512,0
12000,287376,0
8000,138471,0
6000,236141,0
12000,158424,0
12000,361418,0
16000,202505,0
10000,185829,0
2000,8887,0
14000,128435,0
6000,182556,0
2000,103822,0
10000,223612,0
6000,199242,0
10000,203455,0
16000,173639,0
14000,202454,0
14000,309922,0
6000,52883,0
8000,152999,0
12000,194161,0
16000,58333,0
12000,254562,0
6000,245842,0
10000,48909,0
12000,163265,0
6000,51442,0
8000,233857,0
4000,40599,0
8000,211528,0
12000,270335,0
14000,254500,0
2000,166175,0
10000,78482,0
10000,249724,0
14000,126658,0
10000,171323,0
20000,109948,0
10000,207232,0
8000,152087,0
6000,222564,0
6000,135954,0
14000,228332,0
6000,99861,0
6000,426689,1
10000,130135,0
16000,114517,0
6000,121826,0
12000,172117,0
10000,1449,0
6000,35989,0
18000,154297,0
18000,226332,0
20000,508252,0
12000,205127,0
10000,4735,0
18000,235990,0
18000,393168,0
12000,272513,0
16000,325376,0
10000,233020,0
6000,132529,0
10000,290036,0
4000,199884,0
14000,75903,0
10000,163955,0
8000,88582,0
8000,338642,0
16000,124109,0
10000,164477,0
6000,243658,0
14000,228000,0
8000,130367,0
8000,182388,0
14000,170478,0
14000,251790,0
6000,251957,0
18000,89319,0
12000,257746,0
12000,214300,0
18000,143773,0
10000,220007,0
14000,326917,0
8000,33738,0
10000,143088,0
8000,298853,0
6000,195997,0
6000,380144,1
14000,129983,0
12000,171273,0
4000,303047,1
8000,176040,0
16000,278895,0
8000,200520,0
16000,295401,0
14000,430219,0
10000,75717,0
10000,303514,0
20000,164694,0
10000,345433,0
6000,77414,0
12000,367093,0
6000,216244,0
14000,108497,0
8000,283737,0
6000,93260,0
8000,140143,0
8000,147127,0
4000,246550,0
6000,266594,0
16000,260559,0
4000,104486,0
4000,96460,0
6000,138480,0
26000,325096,0
4000,185672,0
12000,380575,0
12000,219820,0
12000,136848,0
10000,213481,0
10000,290857,0
16000,342321,0
8000,241346,0
14000,207179,0
10000,258202,0
14000,98330,0
12000,265516,0
14000,183242,0
14000,312799,0
4000,221425,0
10000,51231,0
6000,321678,0
8000,180792,0
4000,119898,0
10000,241372,0
12000,273496,0
6000,115103,0
6000,67420,0
18000,405521,0
2000,98409,0
16000,271655,0
10000,338250,0
6000,320612,0
10000,350040,0
20000,205796,0
14000,371292,0
16000,239825,0
10000,281539,0
16000,229065,0
4000,163128,0
6000,28566,0
2000,134345,1
16000,154799,0
16000,117504,0
6000,355399,0
6000,156970,0
8000,264735,0
8000,203942,0
10000,281952,0
10000,82044,0
10000,229586,0
12000,2871,0
10000,168402,0
6000,246658,0
6000,206211,0
6000,115069,0
14000,216326,0
6000,190376,0
14000,40501,0
6000,382676,0
12000,119069,0
10000,81744,0
8000,197344,0
4000,303109,1
18000,74291,0
4000,80464,0
14000,248937,0
8000,354288,0
16000,172422,0
12000,148564,0
8000,35866,0
14000,177802,0
14000,58717,0
10000,63808,0
10000,194083,0
6000,244160,0
10000,134554,0
12000,149402,0
8000,189605,0
4000,23903,0
8000,22022,0
12000,215588,0
8000,387098,0
8000,167316,0
20000,61593,0
4000,141202,0
10000,162146,0
10000,42063,0
10000,267322,0
6000,240213,0
12000,288983,0
16000,256488,0
10000,455607,0
8000,288874,0
4000,184388,0
6000,312805,0
6000,46713,0
6000,358031,0
8000,138348,0
8000,253095,0
14000,235162,0
16000,85929,0
12000,69970,0
16000,229443,0
4000,157024,0
12000,124394,0
14000,3249,0
10000,292706,0
6000,356015,0
12000,200648,0
16000,115930,0
10000,1604,0
14000,285625,0
18000,283982,0
12000,254975,0
16000,318391,0
12000,110318,0
14000,152828,0
8000,393461,0
14000,233207,0
12000,184885,0
14000,449913,0
10000,165353,0
6000,151431,0
16000,192474,0
18000,224344,0
8000,172215,0
16000,114777,0
2000,131508,0
6000,119424,0
10000,122049,0
8000,66536,0
10000,257594,0
10000,206881,0
14000,30509,0
16000,233753,0
14000,234092,0
10000,124965,0
8000,190277,0
12000,62224,0
8000,246346,0
12000,223958,0
0,223272,1
4000,187946,0
8000,217401,0
16000,214732,0
10000,237592,0
2000,207656,1
16000,210246,0
12000,184937,0
10000,250392,0
10000,51006,0
12000,107853,0
8000,28819,0
18000,207149,0
24000,377282,0
10000,244739,0
12000,121580,0
12000,154333,0
10000,194227,0
24000,246562,0
8000,159729,0
16000,115582,0
18000,289054,0
20000,403898,0
4000,340181,1
18000,262951,0
12000,79572,0
6000,98199,0
4000,277080,1
8000,334946,0
10000,256283,0
8000,172117,0
0,131139,1
14000,282001,0
6000,153645,0
4000,87047,0
12000,134434,0
12000,397506,0
8000,110025,0
14000,81999,0
6000,11982,0
10000,75014,0
12000,232744,0
12000,104355,0
14000,291585,0
6000,26921,0
8000,298234,0
2000,157245,0
12000,147331,0
14000,75585,0
10000,411622,0
6000,225956,0
4000,142726,0
10000,216934,0
6000,248264,0
6000,80381,0
12000,260811,0
8000,171425,0
18000,285090,0
2000,364198,1
4000,156518,0
12000,175834,0
6000,45988,0
18000,8721,0
8000,127194,0
20000,299977,0
6000,283957,0
4000,31676,0
6000,159758,0
10000,252714,0
10000,341765,0
20000,275961,0
4000,81542,0
18000,310265,0
12000,7152,0
16000,300812,0
12000,213838,0
10000,75069,0
10000,202599,0
6000,235388,0
8000,127512,0
18000,71182,0
6000,82999,0
10000,104066,0
14000,243659,0
10000,143622,0
24000,258538,0
16000,234242,0
14000,22635,0
8000,216357,0
14000,125237,0
12000,131426,0
6000,82156,0
14000,411648,0
6000,86434,0
24000,376433,0
10000,202934,0
12000,263563,0
6000,253216,0
10000,114553,0
2000,18873,0
20000,298434,0
20000,169554,0
10000,230215,0
8000,179010,0
4000,51634,0
10000,197094,0
12000,352162,0
12000,253859,0
10000,139339,0
8000,172170,0
14000,238045,0
16000,162800,0
10000,171085,0
10000,199875,0
12000,214148,0
12000,285736,0
12000,58894,0
4000,126372,0
2000,87471,0
2000,45878,0
4000,195360,0
4000,144115,0
10000,119069,0
12000,57608,0
12000,175534,0
14000,338799,0
6000,213402,0
10000,145721,0
6000,42289,0
16000,380120,0
16000,277838,0
12000,203337,0
4000,72919,0
8000,153451,0
6000,304223,0
12000,267104,0
4000,135918,0
26000,277682,0
24000,155337,0
8000,228362,0
10000,198215,0
20000,283390,0
18000,345826,0
2000,305672,1
8000,226315,0
10000,186340,0
4000,41791,0
6000,112044,0
16000,188332,0
12000,205829,0
10000,175078,0
12000,186796,0
10000,109873,0
6000,219368,0
12000,442570,0
16000,117245,0
6000,154197,0
14000,205783,0
12000,186141,0
10000,66561,0
8000,206561,0
8000,200446,0
4000,85694,0
14000,97200,0
16000,135077,0
4000,113664,0
8000,184280,0
6000,303626,0
4000,82655,0
12000,98414,0
20000,190101,0
8000,166960,0
6000,153531,0
4000,68866,0
8000,205554,0
10000,337987,0
2000,167875,1
8000,23609,0
10000,255453,0
10000,184942,0
18000,302164,0
4000,223192,0
8000,236870,0
20000,235231,0
4000,171753,0
10000,258805,0
4000,63940,0
6000,388868,0
6000,289921,0
6000,185611,0
10000,431244,0
6000,175782,0
10000,63002,0
4000,155470,0
14000,347403,0
10000,268282,0
6000,152396,0
18000,241317,0
12000,77494,0
10000,161021,0
6000,7276,0
8000,208655,0
16000,181346,0
16000,394830,0
12000,145895,0
8000,244286,0
10000,194218,0
8000,178402,0
4000,154700,0
6000,176766,0
8000,400207,0
6000,116077,0
6000,90639,0
10000,255137,0
8000,1657,0
4000,297267,1
10000,168198,0
14000,194883,0
12000,226285,0
12000,5851,0
8000,234133,0
4000,26541,0
12000,66577,0
4000,148987,0
10000,181366,0
6000,145035,0
8000,337644,0
12000,152467,0
4000,213425,0
16000,240212,0
12000,279053,0
6000,291490,0
4000,220762,0
6000,136302,0
14000,158134,0
8000,220958,0
12000,224145,0
6000,147977,0
8000,11577,0
16000,170850,0
10000,173928,0
12000,162658,0
6000,184731,0
6000,279761,0
6000,298577,0
2000,103584,0
6000,227725,0
14000,309153,0
6000,102971,0
2000,2609,0
10000,165544,0
6000,200661,0
10000,283740,0
10000,155312,0
12000,197501,0
12000,398297,0
16000,76494,0
14000,270419,0
10000,90586,0
8000,395850,0
6000,95373,0
10000,231760,0
10000,226332,0
2000,175326,1
10000,320315,0
